{"cameraMode":{"drawMode":0,"name":"Shaded","section":"Shading Mode"},"sceneLighting":false,"audioPlay":false,"sceneViewState":{"showFog":true,"showMaterialUpdate":false,"showSkybox":false,"showFlares":true,"showImageEffects":true,"showParticleSystems":true},"in2DMode":false,"pivot":{"x":0.0,"y":-0.19999997317790986,"z":218.92999267578126},"rotation":{"x":-0.32287275791168215,"y":-0.01594468392431736,"z":0.005436728708446026,"w":-0.9462984800338745},"size":20.216947555541993,"orthographic":false}