{"cameraMode":{"drawMode":0,"name":"Shaded","section":"Shading Mode"},"sceneLighting":true,"audioPlay":false,"sceneViewState":{"showFog":true,"showMaterialUpdate":false,"showSkybox":true,"showFlares":true,"showImageEffects":true,"showParticleSystems":true},"in2DMode":false,"pivot":{"x":88.81443786621094,"y":-121.79292297363281,"z":73.81587219238281},"rotation":{"x":-0.3607669174671173,"y":-0.4007415175437927,"z":0.17550037801265717,"w":-0.8236981630325317},"size":90.82255554199219,"orthographic":false}